window_start,Site,Ion,Concentration
1989-05-16,PRM,k_mgl,0.6855555555555556
1989-05-16,PRM,no3_ugl,59.625
1989-05-16,PRM,mg_mgl,1.96
1989-05-16,PRM,ca_mgl,6.483333333333333
1989-05-16,PRM,nh4_ugl,NA
1989-07-18,PRM,k_mgl,0.6614285714285714
1989-07-18,PRM,no3_ugl,73.71428571428571
1989-07-18,PRM,mg_mgl,1.5783333333333334
1989-07-18,PRM,ca_mgl,6.252857142857143
1989-07-18,PRM,nh4_ugl,NA
1989-09-19,PRM,k_mgl,1.21
1989-09-19,PRM,no3_ugl,273.8
1989-09-19,PRM,mg_mgl,2.194
1989-09-19,PRM,ca_mgl,6.906
1989-09-19,PRM,nh4_ugl,NA
1989-11-21,PRM,k_mgl,0.8825000000000001
1989-11-21,PRM,no3_ugl,112.71428571428571
1989-11-21,PRM,mg_mgl,2.572857142857143
1989-11-21,PRM,ca_mgl,9.21857142857143
1989-11-21,PRM,nh4_ugl,NA
1990-01-23,PRM,k_mgl,1.0688888888888888
1990-01-23,PRM,no3_ugl,209.22222222222223
1990-01-23,PRM,mg_mgl,2.106666666666667
1990-01-23,PRM,ca_mgl,8.71
1990-01-23,PRM,nh4_ugl,NA
1990-03-27,PRM,k_mgl,1.0077777777777777
1990-03-27,PRM,no3_ugl,143.33333333333334
1990-03-27,PRM,mg_mgl,2.152222222222222
1990-03-27,PRM,ca_mgl,9.083333333333334
1990-03-27,PRM,nh4_ugl,NA
1990-05-29,PRM,k_mgl,0.9544444444444444
1990-05-29,PRM,no3_ugl,187
1990-05-29,PRM,mg_mgl,2.002222222222222
1990-05-29,PRM,ca_mgl,8.342222222222222
1990-05-29,PRM,nh4_ugl,NA
1990-07-31,PRM,k_mgl,0.8522222222222222
1990-07-31,PRM,no3_ugl,131.88888888888889
1990-07-31,PRM,mg_mgl,2.1422222222222222
1990-07-31,PRM,ca_mgl,9.635555555555555
1990-07-31,PRM,nh4_ugl,NA
1990-10-02,PRM,k_mgl,0.77
1990-10-02,PRM,no3_ugl,126.125
1990-10-02,PRM,mg_mgl,1.9877777777777779
1990-10-02,PRM,ca_mgl,7.89
1990-10-02,PRM,nh4_ugl,NA
1990-12-04,PRM,k_mgl,0.6533333333333333
1990-12-04,PRM,no3_ugl,136.75
1990-12-04,PRM,mg_mgl,2.1144444444444446
1990-12-04,PRM,ca_mgl,6.934444444444445
1990-12-04,PRM,nh4_ugl,NA
1991-02-05,PRM,k_mgl,0.8922222222222222
1991-02-05,PRM,no3_ugl,121.625
1991-02-05,PRM,mg_mgl,1.9511111111111112
1991-02-05,PRM,ca_mgl,7.41875
1991-02-05,PRM,nh4_ugl,NA
1991-04-09,PRM,k_mgl,0.77
1991-04-09,PRM,no3_ugl,50.25
1991-04-09,PRM,mg_mgl,0.9285714285714285
1991-04-09,PRM,ca_mgl,4.635
1991-04-09,PRM,nh4_ugl,NA
1991-06-11,PRM,k_mgl,0.7728571428571429
1991-06-11,PRM,no3_ugl,58.333333333333336
1991-06-11,PRM,mg_mgl,1.61625
1991-06-11,PRM,ca_mgl,5.595714285714285
1991-06-11,PRM,nh4_ugl,NA
1991-08-13,PRM,k_mgl,0.8411111111111111
1991-08-13,PRM,no3_ugl,80.42857142857143
1991-08-13,PRM,mg_mgl,2.61
1991-08-13,PRM,ca_mgl,9.283333333333333
1991-08-13,PRM,nh4_ugl,NA
1991-10-15,PRM,k_mgl,0.72125
1991-10-15,PRM,no3_ugl,118.88888888888889
1991-10-15,PRM,mg_mgl,1.975
1991-10-15,PRM,ca_mgl,6.5337499999999995
1991-10-15,PRM,nh4_ugl,NA
1991-12-17,PRM,k_mgl,0.7444444444444445
1991-12-17,PRM,no3_ugl,128.11111111111111
1991-12-17,PRM,mg_mgl,1.9277777777777778
1991-12-17,PRM,ca_mgl,8.153333333333332
1991-12-17,PRM,nh4_ugl,NA
1992-02-18,PRM,k_mgl,0.9533333333333334
1992-02-18,PRM,no3_ugl,108.375
1992-02-18,PRM,mg_mgl,2.8133333333333335
1992-02-18,PRM,ca_mgl,9.7325
1992-02-18,PRM,nh4_ugl,NA
1992-04-21,PRM,k_mgl,0.8288888888888889
1992-04-21,PRM,no3_ugl,54.375
1992-04-21,PRM,mg_mgl,1.8177777777777777
1992-04-21,PRM,ca_mgl,7.38
1992-04-21,PRM,nh4_ugl,NA
1992-06-23,PRM,k_mgl,0.7744444444444444
1992-06-23,PRM,no3_ugl,38.111111111111114
1992-06-23,PRM,mg_mgl,2.088888888888889
1992-06-23,PRM,ca_mgl,8.1466666666666665
1992-06-23,PRM,nh4_ugl,NA
1992-08-25,PRM,k_mgl,0.8466666666666667
1992-08-25,PRM,no3_ugl,52.55555555555556
1992-08-25,PRM,mg_mgl,2.39
1992-08-25,PRM,ca_mgl,9.634444444444444
1992-08-25,PRM,nh4_ugl,NA
1992-10-27,PRM,k_mgl,0.70625
1992-10-27,PRM,no3_ugl,33.57142857142857
1992-10-27,PRM,mg_mgl,1.77125
1992-10-27,PRM,ca_mgl,7.395
1992-10-27,PRM,nh4_ugl,NA
1992-12-29,PRM,k_mgl,0.7255555555555555
1992-12-29,PRM,no3_ugl,NA
1992-12-29,PRM,mg_mgl,1.9188888888888889
1992-12-29,PRM,ca_mgl,7.552222222222222
1992-12-29,PRM,nh4_ugl,NA
1993-03-02,PRM,k_mgl,0.8055555555555556
1993-03-02,PRM,no3_ugl,81.33333333333333
1993-03-02,PRM,mg_mgl,2.371111111111111
1993-03-02,PRM,ca_mgl,9.314444444444444
1993-03-02,PRM,nh4_ugl,NA
1993-05-04,PRM,k_mgl,0.8555555555555555
1993-05-04,PRM,no3_ugl,42
1993-05-04,PRM,mg_mgl,1.9933333333333334
1993-05-04,PRM,ca_mgl,7.9944444444444445
1993-05-04,PRM,nh4_ugl,NA
1993-07-06,PRM,k_mgl,0.7675
1993-07-06,PRM,no3_ugl,63
1993-07-06,PRM,mg_mgl,2.01
1993-07-06,PRM,ca_mgl,8.5875
1993-07-06,PRM,nh4_ugl,NA
1993-09-07,PRM,k_mgl,0.7211111111111111
1993-09-07,PRM,no3_ugl,49.111111111111114
1993-09-07,PRM,mg_mgl,1.9766666666666666
1993-09-07,PRM,ca_mgl,8.001111111111111
1993-09-07,PRM,nh4_ugl,NA
1993-11-09,PRM,k_mgl,0.6577777777777778
1993-11-09,PRM,no3_ugl,28.833333333333332
1993-11-09,PRM,mg_mgl,1.6811111111111112
1993-11-09,PRM,ca_mgl,7.39625
1993-11-09,PRM,nh4_ugl,NA
1994-01-11,PRM,k_mgl,0.5700000000000001
1994-01-11,PRM,no3_ugl,6.333333333333333
1994-01-11,PRM,mg_mgl,1.6344444444444444
1994-01-11,PRM,ca_mgl,6.863333333333333
1994-01-11,PRM,nh4_ugl,NA
1994-03-15,PRM,k_mgl,0.7277777777777777
1994-03-15,PRM,no3_ugl,18.5
1994-03-15,PRM,mg_mgl,2.2044444444444444
1994-03-15,PRM,ca_mgl,9.652222222222223
1994-03-15,PRM,nh4_ugl,NA
1994-05-17,PRM,k_mgl,0.8633333333333333
1994-05-17,PRM,no3_ugl,19.625
1994-05-17,PRM,mg_mgl,2.3433333333333333
1994-05-17,PRM,ca_mgl,8.848888888888888
1994-05-17,PRM,nh4_ugl,NA
1994-07-19,PRM,k_mgl,0.8666666666666667
1994-07-19,PRM,no3_ugl,119
1994-07-19,PRM,mg_mgl,2.5
1994-07-19,PRM,ca_mgl,9.666666666666666
1994-07-19,PRM,nh4_ugl,NA
1994-09-20,PRM,k_mgl,0.7844444444444444
1994-09-20,PRM,no3_ugl,NA
1994-09-20,PRM,mg_mgl,1.8944444444444444
1994-09-20,PRM,ca_mgl,8.686666666666667
1994-09-20,PRM,nh4_ugl,NA
1994-11-22,PRM,k_mgl,0.6855555555555556
1994-11-22,PRM,no3_ugl,43
1994-11-22,PRM,mg_mgl,2.1277777777777778
1994-11-22,PRM,ca_mgl,8.345555555555556
1994-11-22,PRM,nh4_ugl,NA
1995-01-24,PRM,k_mgl,0.6900000000000001
1995-01-24,PRM,no3_ugl,NA
1995-01-24,PRM,mg_mgl,2.0966666666666667
1995-01-24,PRM,ca_mgl,8.94111111111111
1995-01-24,PRM,nh4_ugl,NA
1995-03-28,PRM,k_mgl,0.7733333333333333
1995-03-28,PRM,no3_ugl,NA
1995-03-28,PRM,mg_mgl,2.2916666666666665
1995-03-28,PRM,ca_mgl,9.715
1995-03-28,PRM,nh4_ugl,NA
1995-05-30,PRM,k_mgl,0.666
1995-05-30,PRM,no3_ugl,NA
1995-05-30,PRM,mg_mgl,2.232
1995-05-30,PRM,ca_mgl,9.906
1995-05-30,PRM,nh4_ugl,NA
1995-08-01,PRM,k_mgl,NA
1995-08-01,PRM,no3_ugl,NA
1995-08-01,PRM,mg_mgl,NA
1995-08-01,PRM,ca_mgl,NA
1995-08-01,PRM,nh4_ugl,NA
1995-10-03,PRM,k_mgl,NA
1995-10-03,PRM,no3_ugl,NA
1995-10-03,PRM,mg_mgl,NA
1995-10-03,PRM,ca_mgl,NA
1995-10-03,PRM,nh4_ugl,NA
1995-12-05,PRM,k_mgl,0.67
1995-12-05,PRM,no3_ugl,NA
1995-12-05,PRM,mg_mgl,1.7200000000000002
1995-12-05,PRM,ca_mgl,7.365
1995-12-05,PRM,nh4_ugl,NA
1986-05-20,BQ1,k_mgl,0.8166666666666667
1986-05-20,BQ1,no3_ugl,113.66666666666667
1986-05-20,BQ1,mg_mgl,3.1066666666666665
1986-05-20,BQ1,ca_mgl,3.9366666666666665
1986-05-20,BQ1,nh4_ugl,NA
1986-07-22,BQ1,k_mgl,NA
1986-07-22,BQ1,no3_ugl,NA
1986-07-22,BQ1,mg_mgl,NA
1986-07-22,BQ1,ca_mgl,NA
1986-07-22,BQ1,nh4_ugl,NA
1986-09-23,BQ1,k_mgl,0.656
1986-09-23,BQ1,no3_ugl,126.66666666666667
1986-09-23,BQ1,mg_mgl,2.69
1986-09-23,BQ1,ca_mgl,4.368
1986-09-23,BQ1,nh4_ugl,25.4
1986-11-25,BQ1,k_mgl,0.6744444444444444
1986-11-25,BQ1,no3_ugl,154.33333333333334
1986-11-25,BQ1,mg_mgl,2.5877777777777777
1986-11-25,BQ1,ca_mgl,3.78
1986-11-25,BQ1,nh4_ugl,21.75
1987-01-27,BQ1,k_mgl,0.7244444444444444
1987-01-27,BQ1,no3_ugl,132.22222222222223
1987-01-27,BQ1,mg_mgl,2.977777777777778
1987-01-27,BQ1,ca_mgl,4.166666666666667
1987-01-27,BQ1,nh4_ugl,18.4
1987-03-31,BQ1,k_mgl,0.8466666666666667
1987-03-31,BQ1,no3_ugl,146.44444444444446
1987-03-31,BQ1,mg_mgl,2.4299999999999997
1987-03-31,BQ1,ca_mgl,3.7566666666666664
1987-03-31,BQ1,nh4_ugl,41.666666666666664
1987-06-02,BQ1,k_mgl,0.8077777777777778
1987-06-02,BQ1,no3_ugl,157.66666666666666
1987-06-02,BQ1,mg_mgl,2.522222222222222
1987-06-02,BQ1,ca_mgl,3.893333333333333
1987-06-02,BQ1,nh4_ugl,73.77777777777777
1987-08-04,BQ1,k_mgl,0.77
1987-08-04,BQ1,no3_ugl,182.30769230769232
1987-08-04,BQ1,mg_mgl,2.171666666666667
1987-08-04,BQ1,ca_mgl,3.3666666666666667
1987-08-04,BQ1,nh4_ugl,44.53846153846154
1987-10-06,BQ1,k_mgl,0.737
1987-10-06,BQ1,no3_ugl,163.77777777777777
1987-10-06,BQ1,mg_mgl,2.349
1987-10-06,BQ1,ca_mgl,3.726
1987-10-06,BQ1,nh4_ugl,16.25
1987-12-08,BQ1,k_mgl,0.7873333333333333
1987-12-08,BQ1,no3_ugl,162.33333333333334
1987-12-08,BQ1,mg_mgl,2.0086666666666666
1987-12-08,BQ1,ca_mgl,3.2173333333333334
1987-12-08,BQ1,nh4_ugl,24
1988-02-09,BQ1,k_mgl,0.90125
1988-02-09,BQ1,no3_ugl,206.9375
1988-02-09,BQ1,mg_mgl,1.99375
1988-02-09,BQ1,ca_mgl,3.10375
1988-02-09,BQ1,nh4_ugl,20.6875
1988-04-12,BQ1,k_mgl,0.8766666666666667
1988-04-12,BQ1,no3_ugl,151.7
1988-04-12,BQ1,mg_mgl,2.251
1988-04-12,BQ1,ca_mgl,3.19
1988-04-12,BQ1,nh4_ugl,64.2
1988-06-14,BQ1,k_mgl,0.7655555555555555
1988-06-14,BQ1,no3_ugl,NA
1988-06-14,BQ1,mg_mgl,2.267
1988-06-14,BQ1,ca_mgl,3.2977777777777777
1988-06-14,BQ1,nh4_ugl,113
1988-08-16,BQ1,k_mgl,0.7553846153846154
1988-08-16,BQ1,no3_ugl,93.83333333333333
1988-08-16,BQ1,mg_mgl,2.046666666666667
1988-08-16,BQ1,ca_mgl,2.8038461538461537
1988-08-16,BQ1,nh4_ugl,37.2
1988-10-18,BQ1,k_mgl,0.89375
1988-10-18,BQ1,no3_ugl,141.77777777777777
1988-10-18,BQ1,mg_mgl,2.61875
1988-10-18,BQ1,ca_mgl,4.1625
1988-10-18,BQ1,nh4_ugl,46
1988-12-20,BQ1,k_mgl,0.8588888888888889
1988-12-20,BQ1,no3_ugl,153
1988-12-20,BQ1,mg_mgl,2.502222222222222
1988-12-20,BQ1,ca_mgl,4.32875
1988-12-20,BQ1,nh4_ugl,NA
1989-02-21,BQ1,k_mgl,0.8366666666666667
1989-02-21,BQ1,no3_ugl,130.88888888888889
1989-02-21,BQ1,mg_mgl,2.73
1989-02-21,BQ1,ca_mgl,4.14
1989-02-21,BQ1,nh4_ugl,NA
1989-04-25,BQ1,k_mgl,0.9377777777777778
1989-04-25,BQ1,no3_ugl,141
1989-04-25,BQ1,mg_mgl,2.997777777777778
1989-04-25,BQ1,ca_mgl,4.794444444444444
1989-04-25,BQ1,nh4_ugl,NA
1989-06-27,BQ1,k_mgl,0.9444444444444444
1989-06-27,BQ1,no3_ugl,116.625
1989-06-27,BQ1,mg_mgl,2.5477777777777777
1989-06-27,BQ1,ca_mgl,3.991111111111111
1989-06-27,BQ1,nh4_ugl,NA
1989-08-29,BQ1,k_mgl,1.049090909090909
1989-08-29,BQ1,no3_ugl,81.6
1989-08-29,BQ1,mg_mgl,2.781
1989-08-29,BQ1,ca_mgl,4.265
1989-08-29,BQ1,nh4_ugl,NA
1989-10-31,BQ1,k_mgl,1.232
1989-10-31,BQ1,no3_ugl,324.1
1989-10-31,BQ1,mg_mgl,3.237
1989-10-31,BQ1,ca_mgl,5.118
1989-10-31,BQ1,nh4_ugl,NA
1990-01-02,BQ1,k_mgl,1.268888888888889
1990-01-02,BQ1,no3_ugl,118
1990-01-02,BQ1,mg_mgl,3.3233333333333333
1990-01-02,BQ1,ca_mgl,5.847777777777778
1990-01-02,BQ1,nh4_ugl,NA
1990-03-06,BQ1,k_mgl,1.4038461538461537
1990-03-06,BQ1,no3_ugl,480.6363636363636
1990-03-06,BQ1,mg_mgl,2.5215384615384617
1990-03-06,BQ1,ca_mgl,4.291538461538462
1990-03-06,BQ1,nh4_ugl,NA
1990-05-08,BQ1,k_mgl,1.238
1990-05-08,BQ1,no3_ugl,208.1
1990-05-08,BQ1,mg_mgl,3.11
1990-05-08,BQ1,ca_mgl,5.267
1990-05-08,BQ1,nh4_ugl,NA
1990-07-10,BQ1,k_mgl,1.0133333333333334
1990-07-10,BQ1,no3_ugl,117.44444444444444
1990-07-10,BQ1,mg_mgl,3.2533333333333334
1990-07-10,BQ1,ca_mgl,5.6433333333333335
1990-07-10,BQ1,nh4_ugl,NA
1990-09-11,BQ1,k_mgl,0.9322222222222222
1990-09-11,BQ1,no3_ugl,97.83333333333333
1990-09-11,BQ1,mg_mgl,2.997777777777778
1990-09-11,BQ1,ca_mgl,5.207777777777778
1990-09-11,BQ1,nh4_ugl,NA
1990-11-13,BQ1,k_mgl,1.0736363636363637
1990-11-13,BQ1,no3_ugl,132.0909090909091
1990-11-13,BQ1,mg_mgl,2.7827272727272727
1990-11-13,BQ1,ca_mgl,4.642727272727273
1990-11-13,BQ1,nh4_ugl,NA
1991-01-15,BQ1,k_mgl,0.8144444444444444
1991-01-15,BQ1,no3_ugl,87.85714285714286
1991-01-15,BQ1,mg_mgl,3.223333333333333
1991-01-15,BQ1,ca_mgl,5.7844444444444445
1991-01-15,BQ1,nh4_ugl,NA
1991-03-19,BQ1,k_mgl,0.8333333333333334
1991-03-19,BQ1,no3_ugl,59.77777777777778
1991-03-19,BQ1,mg_mgl,2.9811111111111113
1991-03-19,BQ1,ca_mgl,5.421111111111111
1991-03-19,BQ1,nh4_ugl,NA
1991-05-21,BQ1,k_mgl,0.914
1991-05-21,BQ1,no3_ugl,54.75
1991-05-21,BQ1,mg_mgl,3.0629999999999997
1991-05-21,BQ1,ca_mgl,5.314
1991-05-21,BQ1,nh4_ugl,NA
1991-07-23,BQ1,k_mgl,1.012
1991-07-23,BQ1,no3_ugl,40.77777777777778
1991-07-23,BQ1,mg_mgl,3.801
1991-07-23,BQ1,ca_mgl,6.164
1991-07-23,BQ1,nh4_ugl,NA
1991-09-24,BQ1,k_mgl,1.1225
1991-09-24,BQ1,no3_ugl,80.5
1991-09-24,BQ1,mg_mgl,2.8266666666666667
1991-09-24,BQ1,ca_mgl,4.400833333333333
1991-09-24,BQ1,nh4_ugl,NA
1991-11-26,BQ1,k_mgl,1.1477777777777778
1991-11-26,BQ1,no3_ugl,188.375
1991-11-26,BQ1,mg_mgl,3.0455555555555556
1991-11-26,BQ1,ca_mgl,5.041111111111111
1991-11-26,BQ1,nh4_ugl,NA
1992-01-28,BQ1,k_mgl,1.1520000000000001
1992-01-28,BQ1,no3_ugl,151
1992-01-28,BQ1,mg_mgl,3.128
1992-01-28,BQ1,ca_mgl,5.376
1992-01-28,BQ1,nh4_ugl,NA
1992-03-31,BQ1,k_mgl,1.051111111111111
1992-03-31,BQ1,no3_ugl,63.125
1992-03-31,BQ1,mg_mgl,3.3244444444444445
1992-03-31,BQ1,ca_mgl,5.618888888888889
1992-03-31,BQ1,nh4_ugl,NA
1992-06-02,BQ1,k_mgl,1.1566666666666667
1992-06-02,BQ1,no3_ugl,58.25
1992-06-02,BQ1,mg_mgl,2.8633333333333333
1992-06-02,BQ1,ca_mgl,4.7877777777777775
1992-06-02,BQ1,nh4_ugl,NA
1992-08-04,BQ1,k_mgl,1.1144444444444446
1992-08-04,BQ1,no3_ugl,102.66666666666667
1992-08-04,BQ1,mg_mgl,3.236666666666667
1992-08-04,BQ1,ca_mgl,5.694444444444445
1992-08-04,BQ1,nh4_ugl,NA
1992-10-06,BQ1,k_mgl,0.9877777777777778
1992-10-06,BQ1,no3_ugl,76.28571428571429
1992-10-06,BQ1,mg_mgl,3.002222222222222
1992-10-06,BQ1,ca_mgl,5.384444444444444
1992-10-06,BQ1,nh4_ugl,NA
1992-12-08,BQ1,k_mgl,1.0822222222222222
1992-12-08,BQ1,no3_ugl,20.5
1992-12-08,BQ1,mg_mgl,2.897777777777778
1992-12-08,BQ1,ca_mgl,4.845555555555555
1992-12-08,BQ1,nh4_ugl,NA
1993-02-09,BQ1,k_mgl,1.12
1993-02-09,BQ1,no3_ugl,125.33333333333333
1993-02-09,BQ1,mg_mgl,3.4466666666666668
1993-02-09,BQ1,ca_mgl,5.72
1993-02-09,BQ1,nh4_ugl,NA
1993-04-13,BQ1,k_mgl,1.22
1993-04-13,BQ1,no3_ugl,69.11111111111111
1993-04-13,BQ1,mg_mgl,3.4755555555555557
1993-04-13,BQ1,ca_mgl,5.415555555555556
1993-04-13,BQ1,nh4_ugl,NA
1993-06-15,BQ1,k_mgl,1.018888888888889
1993-06-15,BQ1,no3_ugl,39.2
1993-06-15,BQ1,mg_mgl,2.9566666666666666
1993-06-15,BQ1,ca_mgl,5.483333333333333
1993-06-15,BQ1,nh4_ugl,NA
1993-08-17,BQ1,k_mgl,1.0933333333333333
1993-08-17,BQ1,no3_ugl,43.111111111111114
1993-08-17,BQ1,mg_mgl,3.281111111111111
1993-08-17,BQ1,ca_mgl,5.704444444444444
1993-08-17,BQ1,nh4_ugl,NA
1993-10-19,BQ1,k_mgl,1.1277777777777778
1993-10-19,BQ1,no3_ugl,12.444444444444445
1993-10-19,BQ1,mg_mgl,3.2733333333333334
1993-10-19,BQ1,ca_mgl,5.831111111111111
1993-10-19,BQ1,nh4_ugl,NA
1993-12-21,BQ1,k_mgl,1.0355555555555556
1993-12-21,BQ1,no3_ugl,25.333333333333332
1993-12-21,BQ1,mg_mgl,2.8844444444444446
1993-12-21,BQ1,ca_mgl,5.3133333333333335
1993-12-21,BQ1,nh4_ugl,NA
1994-02-22,BQ1,k_mgl,1.0655555555555556
1994-02-22,BQ1,no3_ugl,86.75
1994-02-22,BQ1,mg_mgl,3.3433333333333333
1994-02-22,BQ1,ca_mgl,5.968888888888889
1994-02-22,BQ1,nh4_ugl,NA
1994-04-26,BQ1,k_mgl,1.1566666666666667
1994-04-26,BQ1,no3_ugl,17.444444444444443
1994-04-26,BQ1,mg_mgl,3.7
1994-04-26,BQ1,ca_mgl,6.6466666666666665
1994-04-26,BQ1,nh4_ugl,NA
1994-06-28,BQ1,k_mgl,1.143
1994-06-28,BQ1,no3_ugl,94.75
1994-06-28,BQ1,mg_mgl,3.505
1994-06-28,BQ1,ca_mgl,6.196
1994-06-28,BQ1,nh4_ugl,NA
1994-08-30,BQ1,k_mgl,1.22
1994-08-30,BQ1,no3_ugl,NA
1994-08-30,BQ1,mg_mgl,3.3455555555555554
1994-08-30,BQ1,ca_mgl,6.12
1994-08-30,BQ1,nh4_ugl,NA
1994-11-01,BQ1,k_mgl,1.0988888888888888
1994-11-01,BQ1,no3_ugl,109
1994-11-01,BQ1,mg_mgl,3.0444444444444443
1994-11-01,BQ1,ca_mgl,5.645555555555555
1994-11-01,BQ1,nh4_ugl,NA
1995-01-03,BQ1,k_mgl,1.235
1995-01-03,BQ1,no3_ugl,NA
1995-01-03,BQ1,mg_mgl,3.67375
1995-01-03,BQ1,ca_mgl,6.26375
1995-01-03,BQ1,nh4_ugl,NA
1995-03-07,BQ1,k_mgl,0.9642857142857143
1995-03-07,BQ1,no3_ugl,NA
1995-03-07,BQ1,mg_mgl,3.182857142857143
1995-03-07,BQ1,ca_mgl,5.615714285714286
1995-03-07,BQ1,nh4_ugl,NA
1995-05-09,BQ1,k_mgl,1.3125
1995-05-09,BQ1,no3_ugl,NA
1995-05-09,BQ1,mg_mgl,3.3425000000000002
1995-05-09,BQ1,ca_mgl,5.79
1995-05-09,BQ1,nh4_ugl,NA
1995-07-11,BQ1,k_mgl,0.9066666666666666
1995-07-11,BQ1,no3_ugl,NA
1995-07-11,BQ1,mg_mgl,3.27
1995-07-11,BQ1,ca_mgl,5.82
1995-07-11,BQ1,nh4_ugl,NA
1995-09-12,BQ1,k_mgl,NA
1995-09-12,BQ1,no3_ugl,NA
1995-09-12,BQ1,mg_mgl,NA
1995-09-12,BQ1,ca_mgl,NA
1995-09-12,BQ1,nh4_ugl,NA
1995-11-14,BQ1,k_mgl,0.99
1995-11-14,BQ1,no3_ugl,NA
1995-11-14,BQ1,mg_mgl,2.2733333333333334
1995-11-14,BQ1,ca_mgl,4.12
1995-11-14,BQ1,nh4_ugl,NA
1986-05-20,BQ2,k_mgl,0.79
1986-05-20,BQ2,no3_ugl,208.66666666666666
1986-05-20,BQ2,mg_mgl,3.0033333333333334
1986-05-20,BQ2,ca_mgl,4.9
1986-05-20,BQ2,nh4_ugl,NA
1986-07-22,BQ2,k_mgl,NA
1986-07-22,BQ2,no3_ugl,NA
1986-07-22,BQ2,mg_mgl,NA
1986-07-22,BQ2,ca_mgl,NA
1986-07-22,BQ2,nh4_ugl,NA
1986-09-23,BQ2,k_mgl,0.716
1986-09-23,BQ2,no3_ugl,206.6
1986-09-23,BQ2,mg_mgl,2.43
1986-09-23,BQ2,ca_mgl,4.946
1986-09-23,BQ2,nh4_ugl,22.6
1986-11-25,BQ2,k_mgl,0.6922222222222223
1986-11-25,BQ2,no3_ugl,268.1111111111111
1986-11-25,BQ2,mg_mgl,2.5211111111111113
1986-11-25,BQ2,ca_mgl,4.742222222222222
1986-11-25,BQ2,nh4_ugl,17.25
1987-01-27,BQ2,k_mgl,0.76
1987-01-27,BQ2,no3_ugl,219.625
1987-01-27,BQ2,mg_mgl,2.658888888888889
1987-01-27,BQ2,ca_mgl,4.924444444444444
1987-01-27,BQ2,nh4_ugl,14
1987-03-31,BQ2,k_mgl,0.9455555555555556
1987-03-31,BQ2,no3_ugl,259.85714285714283
1987-03-31,BQ2,mg_mgl,2.29
1987-03-31,BQ2,ca_mgl,4.682222222222222
1987-03-31,BQ2,nh4_ugl,39
1987-06-02,BQ2,k_mgl,0.8188888888888889
1987-06-02,BQ2,no3_ugl,232.77777777777777
1987-06-02,BQ2,mg_mgl,2.49
1987-06-02,BQ2,ca_mgl,4.915555555555556
1987-06-02,BQ2,nh4_ugl,70.66666666666667
1987-08-04,BQ2,k_mgl,0.8530769230769231
1987-08-04,BQ2,no3_ugl,231.3846153846154
1987-08-04,BQ2,mg_mgl,2.037692307692308
1987-08-04,BQ2,ca_mgl,4.03
1987-08-04,BQ2,nh4_ugl,32.84615384615385
1987-10-06,BQ2,k_mgl,0.856
1987-10-06,BQ2,no3_ugl,191
1987-10-06,BQ2,mg_mgl,2.0949999999999998
1987-10-06,BQ2,ca_mgl,4.21
1987-10-06,BQ2,nh4_ugl,12.1
1987-12-08,BQ2,k_mgl,0.8668421052631579
1987-12-08,BQ2,no3_ugl,253.86666666666667
1987-12-08,BQ2,mg_mgl,2.04
1987-12-08,BQ2,ca_mgl,4.324736842105263
1987-12-08,BQ2,nh4_ugl,18.36842105263158
1988-02-09,BQ2,k_mgl,0.7775
1988-02-09,BQ2,no3_ugl,185
1988-02-09,BQ2,mg_mgl,2.34625
1988-02-09,BQ2,ca_mgl,4.33875
1988-02-09,BQ2,nh4_ugl,18.857142857142858
1988-04-12,BQ2,k_mgl,0.807
1988-04-12,BQ2,no3_ugl,216.7
1988-04-12,BQ2,mg_mgl,2.187
1988-04-12,BQ2,ca_mgl,3.868
1988-04-12,BQ2,nh4_ugl,57.55555555555556
1988-06-14,BQ2,k_mgl,0.7545454545454545
1988-06-14,BQ2,no3_ugl,NA
1988-06-14,BQ2,mg_mgl,2.2381818181818183
1988-06-14,BQ2,ca_mgl,3.561818181818182
1988-06-14,BQ2,nh4_ugl,67.5
1988-08-16,BQ2,k_mgl,0.7761538461538462
1988-08-16,BQ2,no3_ugl,184.72727272727272
1988-08-16,BQ2,mg_mgl,2.0591666666666666
1988-08-16,BQ2,ca_mgl,3.805
1988-08-16,BQ2,nh4_ugl,26.25
1988-10-18,BQ2,k_mgl,0.8475
1988-10-18,BQ2,no3_ugl,224.125
1988-10-18,BQ2,mg_mgl,2.38125
1988-10-18,BQ2,ca_mgl,4.18625
1988-10-18,BQ2,nh4_ugl,61
1988-12-20,BQ2,k_mgl,0.9077777777777778
1988-12-20,BQ2,no3_ugl,219.11111111111111
1988-12-20,BQ2,mg_mgl,2.4833333333333334
1988-12-20,BQ2,ca_mgl,4.488888888888889
1988-12-20,BQ2,nh4_ugl,NA
1989-02-21,BQ2,k_mgl,0.8377777777777777
1989-02-21,BQ2,no3_ugl,224.9
1989-02-21,BQ2,mg_mgl,2.7688888888888887
1989-02-21,BQ2,ca_mgl,4.62
1989-02-21,BQ2,nh4_ugl,NA
1989-04-25,BQ2,k_mgl,0.9366666666666666
1989-04-25,BQ2,no3_ugl,174
1989-04-25,BQ2,mg_mgl,2.6755555555555555
1989-04-25,BQ2,ca_mgl,4.58
1989-04-25,BQ2,nh4_ugl,NA
1989-06-27,BQ2,k_mgl,1.0044444444444445
1989-06-27,BQ2,no3_ugl,176
1989-06-27,BQ2,mg_mgl,2.3566666666666665
1989-06-27,BQ2,ca_mgl,4.605555555555556
1989-06-27,BQ2,nh4_ugl,NA
1989-08-29,BQ2,k_mgl,1.1718181818181819
1989-08-29,BQ2,no3_ugl,137.42857142857142
1989-08-29,BQ2,mg_mgl,2.789
1989-08-29,BQ2,ca_mgl,5.341
1989-08-29,BQ2,nh4_ugl,NA
1989-10-31,BQ2,k_mgl,1.339
1989-10-31,BQ2,no3_ugl,424.3
1989-10-31,BQ2,mg_mgl,3.138
1989-10-31,BQ2,ca_mgl,6.071
1989-10-31,BQ2,nh4_ugl,NA
1990-01-02,BQ2,k_mgl,1.3822222222222222
1990-01-02,BQ2,no3_ugl,194.75
1990-01-02,BQ2,mg_mgl,3.12
1990-01-02,BQ2,ca_mgl,6.677777777777778
1990-01-02,BQ2,nh4_ugl,NA
1990-03-06,BQ2,k_mgl,1.393076923076923
1990-03-06,BQ2,no3_ugl,460.90909090909093
1990-03-06,BQ2,mg_mgl,2.46
1990-03-06,BQ2,ca_mgl,5.222307692307692
1990-03-06,BQ2,nh4_ugl,NA
1990-05-08,BQ2,k_mgl,1.262
1990-05-08,BQ2,no3_ugl,301.5
1990-05-08,BQ2,mg_mgl,3.079
1990-05-08,BQ2,ca_mgl,6.397
1990-05-08,BQ2,nh4_ugl,NA
1990-07-10,BQ2,k_mgl,0.9955555555555555
1990-07-10,BQ2,no3_ugl,177.44444444444446
1990-07-10,BQ2,mg_mgl,3.2844444444444445
1990-07-10,BQ2,ca_mgl,7.045555555555556
1990-07-10,BQ2,nh4_ugl,NA
1990-09-11,BQ2,k_mgl,0.8822222222222222
1990-09-11,BQ2,no3_ugl,101
1990-09-11,BQ2,mg_mgl,2.76
1990-09-11,BQ2,ca_mgl,6.1322222222222225
1990-09-11,BQ2,nh4_ugl,NA
1990-11-13,BQ2,k_mgl,1.0463636363636364
1990-11-13,BQ2,no3_ugl,211.45454545454547
1990-11-13,BQ2,mg_mgl,2.9263636363636363
1990-11-13,BQ2,ca_mgl,6.368181818181818
1990-11-13,BQ2,nh4_ugl,NA
1991-01-15,BQ2,k_mgl,0.8288888888888889
1991-01-15,BQ2,no3_ugl,124.71428571428571
1991-01-15,BQ2,mg_mgl,3.0255555555555556
1991-01-15,BQ2,ca_mgl,6.865555555555556
1991-01-15,BQ2,nh4_ugl,NA
1991-03-19,BQ2,k_mgl,0.8922222222222222
1991-03-19,BQ2,no3_ugl,77.44444444444444
1991-03-19,BQ2,mg_mgl,2.92
1991-03-19,BQ2,ca_mgl,5.662222222222222
1991-03-19,BQ2,nh4_ugl,NA
1991-05-21,BQ2,k_mgl,1.078
1991-05-21,BQ2,no3_ugl,85.125
1991-05-21,BQ2,mg_mgl,3.005
1991-05-21,BQ2,ca_mgl,3.7439999999999998
1991-05-21,BQ2,nh4_ugl,NA
1991-07-23,BQ2,k_mgl,1.271
1991-07-23,BQ2,no3_ugl,60.2
1991-07-23,BQ2,mg_mgl,3.157
1991-07-23,BQ2,ca_mgl,6.536
1991-07-23,BQ2,nh4_ugl,NA
1991-09-24,BQ2,k_mgl,1.2816666666666667
1991-09-24,BQ2,no3_ugl,170.83333333333334
1991-09-24,BQ2,mg_mgl,2.6133333333333333
1991-09-24,BQ2,ca_mgl,4.645833333333333
1991-09-24,BQ2,nh4_ugl,NA
1991-11-26,BQ2,k_mgl,1.198888888888889
1991-11-26,BQ2,no3_ugl,296.1111111111111
1991-11-26,BQ2,mg_mgl,3.051111111111111
1991-11-26,BQ2,ca_mgl,5.783333333333333
1991-11-26,BQ2,nh4_ugl,NA
1992-01-28,BQ2,k_mgl,1.284
1992-01-28,BQ2,no3_ugl,191.11111111111111
1992-01-28,BQ2,mg_mgl,2.969
1992-01-28,BQ2,ca_mgl,6.08
1992-01-28,BQ2,nh4_ugl,NA
1992-03-31,BQ2,k_mgl,1.1555555555555557
1992-03-31,BQ2,no3_ugl,135.125
1992-03-31,BQ2,mg_mgl,2.8533333333333335
1992-03-31,BQ2,ca_mgl,5.455555555555556
1992-03-31,BQ2,nh4_ugl,NA
1992-06-02,BQ2,k_mgl,1.26
1992-06-02,BQ2,no3_ugl,58
1992-06-02,BQ2,mg_mgl,2.9877777777777776
1992-06-02,BQ2,ca_mgl,6.188888888888889
1992-06-02,BQ2,nh4_ugl,NA
1992-08-04,BQ2,k_mgl,1.2733333333333332
1992-08-04,BQ2,no3_ugl,79.66666666666667
1992-08-04,BQ2,mg_mgl,3.04
1992-08-04,BQ2,ca_mgl,6.444444444444445
1992-08-04,BQ2,nh4_ugl,NA
1992-10-06,BQ2,k_mgl,1.1822222222222223
1992-10-06,BQ2,no3_ugl,47.75
1992-10-06,BQ2,mg_mgl,2.738888888888889
1992-10-06,BQ2,ca_mgl,5.905555555555556
1992-10-06,BQ2,nh4_ugl,NA
1992-12-08,BQ2,k_mgl,1.2344444444444445
1992-12-08,BQ2,no3_ugl,172
1992-12-08,BQ2,mg_mgl,3.0322222222222224
1992-12-08,BQ2,ca_mgl,6.345555555555555
1992-12-08,BQ2,nh4_ugl,NA
1993-02-09,BQ2,k_mgl,1.38
1993-02-09,BQ2,no3_ugl,145.5
1993-02-09,BQ2,mg_mgl,3.3477777777777775
1993-02-09,BQ2,ca_mgl,6.855555555555555
1993-02-09,BQ2,nh4_ugl,NA
1993-04-13,BQ2,k_mgl,1.3155555555555556
1993-04-13,BQ2,no3_ugl,89.75
1993-04-13,BQ2,mg_mgl,2.8722222222222222
1993-04-13,BQ2,ca_mgl,5.665555555555556
1993-04-13,BQ2,nh4_ugl,NA
1993-06-15,BQ2,k_mgl,1.49
1993-06-15,BQ2,no3_ugl,95.4
1993-06-15,BQ2,mg_mgl,3.163333333333333
1993-06-15,BQ2,ca_mgl,7.022222222222222
1993-06-15,BQ2,nh4_ugl,NA
1993-08-17,BQ2,k_mgl,1.2966666666666666
1993-08-17,BQ2,no3_ugl,61.625
1993-08-17,BQ2,mg_mgl,2.8777777777777778
1993-08-17,BQ2,ca_mgl,6.525555555555555
1993-08-17,BQ2,nh4_ugl,NA
1993-10-19,BQ2,k_mgl,1.3855555555555557
1993-10-19,BQ2,no3_ugl,41.22222222222222
1993-10-19,BQ2,mg_mgl,2.966666666666667
1993-10-19,BQ2,ca_mgl,6.611111111111112
1993-10-19,BQ2,nh4_ugl,NA
1993-12-21,BQ2,k_mgl,1.3711111111111112
1993-12-21,BQ2,no3_ugl,12.5
1993-12-21,BQ2,mg_mgl,2.694444444444444
1993-12-21,BQ2,ca_mgl,5.996666666666667
1993-12-21,BQ2,nh4_ugl,NA
1994-02-22,BQ2,k_mgl,1.3444444444444446
1994-02-22,BQ2,no3_ugl,37.5
1994-02-22,BQ2,mg_mgl,2.9522222222222223
1994-02-22,BQ2,ca_mgl,6.587777777777778
1994-02-22,BQ2,nh4_ugl,NA
1994-04-26,BQ2,k_mgl,1.3925
1994-04-26,BQ2,no3_ugl,22.25
1994-04-26,BQ2,mg_mgl,3.24125
1994-04-26,BQ2,ca_mgl,6.95875
1994-04-26,BQ2,nh4_ugl,NA
1994-06-28,BQ2,k_mgl,1.1633333333333333
1994-06-28,BQ2,no3_ugl,145.5
1994-06-28,BQ2,mg_mgl,2.4833333333333334
1994-06-28,BQ2,ca_mgl,5.0649999999999995
1994-06-28,BQ2,nh4_ugl,NA
1994-08-30,BQ2,k_mgl,1.32
1994-08-30,BQ2,no3_ugl,NA
1994-08-30,BQ2,mg_mgl,1.975
1994-08-30,BQ2,ca_mgl,4.325
1994-08-30,BQ2,nh4_ugl,NA
1994-11-01,BQ2,k_mgl,1.25375
1994-11-01,BQ2,no3_ugl,NA
1994-11-01,BQ2,mg_mgl,2.48875
1994-11-01,BQ2,ca_mgl,5.3075
1994-11-01,BQ2,nh4_ugl,NA
1995-01-03,BQ2,k_mgl,1.15625
1995-01-03,BQ2,no3_ugl,NA
1995-01-03,BQ2,mg_mgl,2.9475
1995-01-03,BQ2,ca_mgl,6.3
1995-01-03,BQ2,nh4_ugl,NA
1995-03-07,BQ2,k_mgl,1.1066666666666667
1995-03-07,BQ2,no3_ugl,NA
1995-03-07,BQ2,mg_mgl,3.0083333333333333
1995-03-07,BQ2,ca_mgl,6.4383333333333335
1995-03-07,BQ2,nh4_ugl,NA
1995-05-09,BQ2,k_mgl,1.134
1995-05-09,BQ2,no3_ugl,NA
1995-05-09,BQ2,mg_mgl,2.846
1995-05-09,BQ2,ca_mgl,6
1995-05-09,BQ2,nh4_ugl,NA
1995-07-11,BQ2,k_mgl,1.055
1995-07-11,BQ2,no3_ugl,NA
1995-07-11,BQ2,mg_mgl,2.935
1995-07-11,BQ2,ca_mgl,6.38
1995-07-11,BQ2,nh4_ugl,NA
1995-09-12,BQ2,k_mgl,NA
1995-09-12,BQ2,no3_ugl,NA
1995-09-12,BQ2,mg_mgl,NA
1995-09-12,BQ2,ca_mgl,NA
1995-09-12,BQ2,nh4_ugl,NA
1995-11-14,BQ2,k_mgl,1.13
1995-11-14,BQ2,no3_ugl,NA
1995-11-14,BQ2,mg_mgl,2.75
1995-11-14,BQ2,ca_mgl,6.13
1995-11-14,BQ2,nh4_ugl,NA
1986-05-20,BQ3,k_mgl,0.7033333333333333
1986-05-20,BQ3,no3_ugl,119.66666666666667
1986-05-20,BQ3,mg_mgl,3.4333333333333336
1986-05-20,BQ3,ca_mgl,3.9533333333333336
1986-05-20,BQ3,nh4_ugl,NA
1986-07-22,BQ3,k_mgl,NA
1986-07-22,BQ3,no3_ugl,NA
1986-07-22,BQ3,mg_mgl,NA
1986-07-22,BQ3,ca_mgl,NA
1986-07-22,BQ3,nh4_ugl,NA
1986-09-23,BQ3,k_mgl,0.566
1986-09-23,BQ3,no3_ugl,161.5
1986-09-23,BQ3,mg_mgl,2.606
1986-09-23,BQ3,ca_mgl,3.606
1986-09-23,BQ3,nh4_ugl,24.6
1986-11-25,BQ3,k_mgl,0.56
1986-11-25,BQ3,no3_ugl,197.88888888888889
1986-11-25,BQ3,mg_mgl,2.738888888888889
1986-11-25,BQ3,ca_mgl,3.462222222222222
1986-11-25,BQ3,nh4_ugl,17
1987-01-27,BQ3,k_mgl,0.6222222222222222
1987-01-27,BQ3,no3_ugl,193.77777777777777
1987-01-27,BQ3,mg_mgl,3.0477777777777777
1987-01-27,BQ3,ca_mgl,3.7266666666666666
1987-01-27,BQ3,nh4_ugl,14.571428571428571
1987-03-31,BQ3,k_mgl,0.6922222222222222
1987-03-31,BQ3,no3_ugl,182.11111111111111
1987-03-31,BQ3,mg_mgl,2.4544444444444444
1987-03-31,BQ3,ca_mgl,3.428888888888889
1987-03-31,BQ3,nh4_ugl,46
1987-06-02,BQ3,k_mgl,0.6666666666666666
1987-06-02,BQ3,no3_ugl,175.22222222222223
1987-06-02,BQ3,mg_mgl,2.4044444444444446
1987-06-02,BQ3,ca_mgl,3.621111111111111
1987-06-02,BQ3,nh4_ugl,80.88888888888889
1987-08-04,BQ3,k_mgl,0.7055555555555555
1987-08-04,BQ3,no3_ugl,240.375
1987-08-04,BQ3,mg_mgl,2.948888888888889
1987-08-04,BQ3,ca_mgl,3.9033333333333333
1987-08-04,BQ3,nh4_ugl,19.75
1987-10-06,BQ3,k_mgl,0.577
1987-10-06,BQ3,no3_ugl,209.7
1987-10-06,BQ3,mg_mgl,2.106
1987-10-06,BQ3,ca_mgl,3.079
1987-10-06,BQ3,nh4_ugl,11.714285714285714
1987-12-08,BQ3,k_mgl,0.7106666666666667
1987-12-08,BQ3,no3_ugl,162.5
1987-12-08,BQ3,mg_mgl,2.306
1987-12-08,BQ3,ca_mgl,3.248
1987-12-08,BQ3,nh4_ugl,30.823529411764707
1988-02-09,BQ3,k_mgl,0.5833333333333334
1988-02-09,BQ3,no3_ugl,194.77777777777777
1988-02-09,BQ3,mg_mgl,2.7488888888888887
1988-02-09,BQ3,ca_mgl,3.462222222222222
1988-02-09,BQ3,nh4_ugl,22.444444444444443
1988-04-12,BQ3,k_mgl,0.658
1988-04-12,BQ3,no3_ugl,198.6
1988-04-12,BQ3,mg_mgl,2.3890000000000002
1988-04-12,BQ3,ca_mgl,2.8810000000000002
1988-04-12,BQ3,nh4_ugl,46.2
1988-06-14,BQ3,k_mgl,0.677
1988-06-14,BQ3,no3_ugl,NA
1988-06-14,BQ3,mg_mgl,2.584
1988-06-14,BQ3,ca_mgl,2.896
1988-06-14,BQ3,nh4_ugl,28
1988-08-16,BQ3,k_mgl,0.5984615384615385
1988-08-16,BQ3,no3_ugl,140.85714285714286
1988-08-16,BQ3,mg_mgl,2.1923076923076925
1988-08-16,BQ3,ca_mgl,2.786153846153846
1988-08-16,BQ3,nh4_ugl,42.2
1988-10-18,BQ3,k_mgl,0.7075
1988-10-18,BQ3,no3_ugl,184
1988-10-18,BQ3,mg_mgl,2.6574999999999998
1988-10-18,BQ3,ca_mgl,3.7885714285714287
1988-10-18,BQ3,nh4_ugl,57
1988-12-20,BQ3,k_mgl,0.7922222222222223
1988-12-20,BQ3,no3_ugl,188.88888888888889
1988-12-20,BQ3,mg_mgl,2.761111111111111
1988-12-20,BQ3,ca_mgl,3.87
1988-12-20,BQ3,nh4_ugl,NA
1989-02-21,BQ3,k_mgl,0.6988888888888889
1989-02-21,BQ3,no3_ugl,158.22222222222223
1989-02-21,BQ3,mg_mgl,2.716666666666667
1989-02-21,BQ3,ca_mgl,3.668888888888889
1989-02-21,BQ3,nh4_ugl,NA
1989-04-25,BQ3,k_mgl,0.7544444444444445
1989-04-25,BQ3,no3_ugl,145.22222222222223
1989-04-25,BQ3,mg_mgl,2.9
1989-04-25,BQ3,ca_mgl,4.1755555555555555
1989-04-25,BQ3,nh4_ugl,NA
1989-06-27,BQ3,k_mgl,0.8044444444444444
1989-06-27,BQ3,no3_ugl,111.22222222222223
1989-06-27,BQ3,mg_mgl,2.626666666666667
1989-06-27,BQ3,ca_mgl,3.4266666666666667
1989-06-27,BQ3,nh4_ugl,NA
1989-08-29,BQ3,k_mgl,1.031
1989-08-29,BQ3,no3_ugl,176.5
1989-08-29,BQ3,mg_mgl,2.676
1989-08-29,BQ3,ca_mgl,3.638
1989-08-29,BQ3,nh4_ugl,NA
1989-10-31,BQ3,k_mgl,1.4889999999999999
1989-10-31,BQ3,no3_ugl,424.5
1989-10-31,BQ3,mg_mgl,3.586
1989-10-31,BQ3,ca_mgl,4.354
1989-10-31,BQ3,nh4_ugl,NA
1990-01-02,BQ3,k_mgl,1.4577777777777778
1990-01-02,BQ3,no3_ugl,262.375
1990-01-02,BQ3,mg_mgl,3.61
1990-01-02,BQ3,ca_mgl,5.15
1990-01-02,BQ3,nh4_ugl,NA
1990-03-06,BQ3,k_mgl,1.406153846153846
1990-03-06,BQ3,no3_ugl,380.25
1990-03-06,BQ3,mg_mgl,2.644615384615385
1990-03-06,BQ3,ca_mgl,3.683076923076923
1990-03-06,BQ3,nh4_ugl,NA
1990-05-08,BQ3,k_mgl,1.304
1990-05-08,BQ3,no3_ugl,308
1990-05-08,BQ3,mg_mgl,3.278
1990-05-08,BQ3,ca_mgl,4.443
1990-05-08,BQ3,nh4_ugl,NA
1990-07-10,BQ3,k_mgl,1.0666666666666667
1990-07-10,BQ3,no3_ugl,187.375
1990-07-10,BQ3,mg_mgl,3.4144444444444444
1990-07-10,BQ3,ca_mgl,5.423333333333333
1990-07-10,BQ3,nh4_ugl,NA
1990-09-11,BQ3,k_mgl,0.9577777777777777
1990-09-11,BQ3,no3_ugl,114.55555555555556
1990-09-11,BQ3,mg_mgl,3.2544444444444447
1990-09-11,BQ3,ca_mgl,5.295555555555556
1990-09-11,BQ3,nh4_ugl,NA
1990-11-13,BQ3,k_mgl,0.9927272727272728
1990-11-13,BQ3,no3_ugl,197.5
1990-11-13,BQ3,mg_mgl,2.8363636363636364
1990-11-13,BQ3,ca_mgl,4.458181818181818
1990-11-13,BQ3,nh4_ugl,NA
1991-01-15,BQ3,k_mgl,0.7888888888888889
1991-01-15,BQ3,no3_ugl,154.28571428571428
1991-01-15,BQ3,mg_mgl,3.8155555555555556
1991-01-15,BQ3,ca_mgl,4.995555555555556
1991-01-15,BQ3,nh4_ugl,NA
1991-03-19,BQ3,k_mgl,0.8233333333333334
1991-03-19,BQ3,no3_ugl,82.125
1991-03-19,BQ3,mg_mgl,3.187777777777778
1991-03-19,BQ3,ca_mgl,4.322222222222222
1991-03-19,BQ3,nh4_ugl,NA
1991-05-21,BQ3,k_mgl,0.929
1991-05-21,BQ3,no3_ugl,87.25
1991-05-21,BQ3,mg_mgl,3.391
1991-05-21,BQ3,ca_mgl,4.38
1991-05-21,BQ3,nh4_ugl,NA
1991-07-23,BQ3,k_mgl,0.98
1991-07-23,BQ3,no3_ugl,107.1
1991-07-23,BQ3,mg_mgl,3.269
1991-07-23,BQ3,ca_mgl,4.54
1991-07-23,BQ3,nh4_ugl,NA
1991-09-24,BQ3,k_mgl,0.8916666666666667
1991-09-24,BQ3,no3_ugl,147.91666666666666
1991-09-24,BQ3,mg_mgl,3.0091666666666668
1991-09-24,BQ3,ca_mgl,4.235833333333333
1991-09-24,BQ3,nh4_ugl,NA
1991-11-26,BQ3,k_mgl,0.9144444444444445
1991-11-26,BQ3,no3_ugl,216.77777777777777
1991-11-26,BQ3,mg_mgl,3.0955555555555554
1991-11-26,BQ3,ca_mgl,4.552222222222222
1991-11-26,BQ3,nh4_ugl,NA
1992-01-28,BQ3,k_mgl,1.159
1992-01-28,BQ3,no3_ugl,167.11111111111111
1992-01-28,BQ3,mg_mgl,3.3930000000000002
1992-01-28,BQ3,ca_mgl,5.371
1992-01-28,BQ3,nh4_ugl,NA
1992-03-31,BQ3,k_mgl,0.9644444444444444
1992-03-31,BQ3,no3_ugl,80
1992-03-31,BQ3,mg_mgl,3.088888888888889
1992-03-31,BQ3,ca_mgl,5.408888888888889
1992-03-31,BQ3,nh4_ugl,NA
1992-06-02,BQ3,k_mgl,0.9077777777777778
1992-06-02,BQ3,no3_ugl,74.11111111111111
1992-06-02,BQ3,mg_mgl,2.8355555555555556
1992-06-02,BQ3,ca_mgl,4.177777777777778
1992-06-02,BQ3,nh4_ugl,NA
1992-08-04,BQ3,k_mgl,1.1233333333333333
1992-08-04,BQ3,no3_ugl,49.666666666666664
1992-08-04,BQ3,mg_mgl,2.918888888888889
1992-08-04,BQ3,ca_mgl,4.372222222222223
1992-08-04,BQ3,nh4_ugl,NA
1992-10-06,BQ3,k_mgl,0.9655555555555556
1992-10-06,BQ3,no3_ugl,51.111111111111114
1992-10-06,BQ3,mg_mgl,3.2311111111111113
1992-10-06,BQ3,ca_mgl,4.5488888888888885
1992-10-06,BQ3,nh4_ugl,NA
1992-12-08,BQ3,k_mgl,0.9722222222222222
1992-12-08,BQ3,no3_ugl,22
1992-12-08,BQ3,mg_mgl,3.358888888888889
1992-12-08,BQ3,ca_mgl,4.488888888888889
1992-12-08,BQ3,nh4_ugl,NA
1993-02-09,BQ3,k_mgl,0.8233333333333334
1993-02-09,BQ3,no3_ugl,129.5
1993-02-09,BQ3,mg_mgl,3.256666666666667
1993-02-09,BQ3,ca_mgl,4.522222222222222
1993-02-09,BQ3,nh4_ugl,NA
1993-04-13,BQ3,k_mgl,0.8624999999999999
1993-04-13,BQ3,no3_ugl,119.75
1993-04-13,BQ3,mg_mgl,3.265
1993-04-13,BQ3,ca_mgl,3.9675
1993-04-13,BQ3,nh4_ugl,NA
1993-06-15,BQ3,k_mgl,0.8088888888888889
1993-06-15,BQ3,no3_ugl,65.4
1993-06-15,BQ3,mg_mgl,2.891111111111111
1993-06-15,BQ3,ca_mgl,4.6066666666666665
1993-06-15,BQ3,nh4_ugl,NA
1993-08-17,BQ3,k_mgl,0.8633333333333334
1993-08-17,BQ3,no3_ugl,94.75
1993-08-17,BQ3,mg_mgl,3.39625
1993-08-17,BQ3,ca_mgl,4.736666666666666
1993-08-17,BQ3,nh4_ugl,NA
1993-10-19,BQ3,k_mgl,0.8366666666666667
1993-10-19,BQ3,no3_ugl,22.25
1993-10-19,BQ3,mg_mgl,3.013333333333333
1993-10-19,BQ3,ca_mgl,4.5344444444444445
1993-10-19,BQ3,nh4_ugl,NA
1993-12-21,BQ3,k_mgl,0.8077777777777778
1993-12-21,BQ3,no3_ugl,16
1993-12-21,BQ3,mg_mgl,2.6155555555555554
1993-12-21,BQ3,ca_mgl,4.054444444444444
1993-12-21,BQ3,nh4_ugl,NA
1994-02-22,BQ3,k_mgl,0.9011111111111111
1994-02-22,BQ3,no3_ugl,55.666666666666664
1994-02-22,BQ3,mg_mgl,3.312222222222222
1994-02-22,BQ3,ca_mgl,4.912222222222222
1994-02-22,BQ3,nh4_ugl,NA
1994-04-26,BQ3,k_mgl,0.8555555555555555
1994-04-26,BQ3,no3_ugl,17.11111111111111
1994-04-26,BQ3,mg_mgl,3.5833333333333335
1994-04-26,BQ3,ca_mgl,5.291111111111111
1994-04-26,BQ3,nh4_ugl,NA
1994-06-28,BQ3,k_mgl,0.888
1994-06-28,BQ3,no3_ugl,97.75
1994-06-28,BQ3,mg_mgl,3.54
1994-06-28,BQ3,ca_mgl,5
1994-06-28,BQ3,nh4_ugl,NA
1994-08-30,BQ3,k_mgl,0.8577777777777778
1994-08-30,BQ3,no3_ugl,NA
1994-08-30,BQ3,mg_mgl,3.3277777777777775
1994-08-30,BQ3,ca_mgl,4.845555555555555
1994-08-30,BQ3,nh4_ugl,NA
1994-11-01,BQ3,k_mgl,0.8477777777777777
1994-11-01,BQ3,no3_ugl,NA
1994-11-01,BQ3,mg_mgl,3.082222222222222
1994-11-01,BQ3,ca_mgl,4.412222222222222
1994-11-01,BQ3,nh4_ugl,NA
1995-01-03,BQ3,k_mgl,0.9033333333333333
1995-01-03,BQ3,no3_ugl,NA
1995-01-03,BQ3,mg_mgl,3.5677777777777777
1995-01-03,BQ3,ca_mgl,4.972222222222222
1995-01-03,BQ3,nh4_ugl,NA
1995-03-07,BQ3,k_mgl,0.7542857142857143
1995-03-07,BQ3,no3_ugl,NA
1995-03-07,BQ3,mg_mgl,3.3257142857142856
1995-03-07,BQ3,ca_mgl,4.804285714285714
1995-03-07,BQ3,nh4_ugl,NA
1995-05-09,BQ3,k_mgl,0.716
1995-05-09,BQ3,no3_ugl,NA
1995-05-09,BQ3,mg_mgl,3.104
1995-05-09,BQ3,ca_mgl,4.46
1995-05-09,BQ3,nh4_ugl,NA
1995-07-11,BQ3,k_mgl,0.76
1995-07-11,BQ3,no3_ugl,NA
1995-07-11,BQ3,mg_mgl,3.2
1995-07-11,BQ3,ca_mgl,4.8149999999999995
1995-07-11,BQ3,nh4_ugl,NA
1995-09-12,BQ3,k_mgl,NA
1995-09-12,BQ3,no3_ugl,NA
1995-09-12,BQ3,mg_mgl,NA
1995-09-12,BQ3,ca_mgl,NA
1995-09-12,BQ3,nh4_ugl,NA
1995-11-14,BQ3,k_mgl,0.8133333333333334
1995-11-14,BQ3,no3_ugl,NA
1995-11-14,BQ3,mg_mgl,3.0933333333333333
1995-11-14,BQ3,ca_mgl,4.666666666666666
1995-11-14,BQ3,nh4_ugl,NA
